Metric,Quadratic_a,Quadratic_R2,Vertex,Breakpoint,Slope_k1,Slope_k2,NMI,Cohens_d,Curve_Type
Free Energy,-0.0006185084144769704,0.09683191294384275,1.0277485195800995,0.6172548211609968,0.0015169659081086687,-0.000839450573384391,0.6050978731507808,-1.0112162574536872,Inverted U
Phi Value,-0.0005048876175630657,0.019298137341098753,4.308340396624108,0.9999978149679876,0.011300294312376067,-0.0018251449309141768,0.537339722805783,0.9738057935697342,Inverted U
Attention Entropy,0.0001316791279844816,0.08477347827558757,1.4111170158615478,0.8000000037435826,-0.0003046799275642252,9.093006125305832e-05,0.6144151936121274,0.44118861921882885,U-shape
Confidence,-0.0004246476992842311,0.020552038326598465,1.1682130653705953,0.30000193910036393,0.01254173884096352,-0.0010088129246958039,0.6525506561704916,0.49951071735089053,Inverted U
